{
  "LOMM":[
{
  "MeasureName": "Service to the Poor & Vulnerable",
  "MeasureLabel": "of gross revenue",
  "Period": "FY18 Final",
  "Actual": 18.9,
  "Goal": "18.9",
  "Division": "CHI",
  "Reporting_Period": "",
  "Format": "Percent",
  "Measure Order": 1
},
{
  "MeasureName": "Service to the Poor & Vulnerable",
  "MeasureLabel": "of gross revenue",
  "Period": "FY18 Final",
  "Actual": 14.8,
  "Goal": "14.7",
  "Division": "Arkansas",
  "Reporting_Period": "",
  "Format": "Percent",
  "Measure Order": 1
},
{
  "MeasureName": "Service to the Poor & Vulnerable",
  "MeasureLabel": "of gross revenue",
  "Period": "FY18 Final",
  "Actual": 15.7,
  "Goal": "12.5",
  "Division": "Fargo ",
  "Reporting_Period": "",
  "Format": "Percent",
  "Measure Order": 1
},
{
  "MeasureName": "Service to the Poor & Vulnerable",
  "MeasureLabel": "of gross revenue",
  "Period": "FY18 Final",
  "Actual": 25,
  "Goal": "26.3",
  "Division": "Kentucky",
  "Reporting_Period": "",
  "Format": "Percent",
  "Measure Order": 1
},
{
  "MeasureName": "Service to the Poor & Vulnerable",
  "MeasureLabel": "of gross revenue",
  "Period": "FY18 Final",
  "Actual": 18.4,
  "Goal": "18.7",
  "Division": "Nebraska",
  "Reporting_Period": "",
  "Format": "Percent",
  "Measure Order": 1
},
{
  "MeasureName": "Service to the Poor & Vulnerable",
  "MeasureLabel": "of gross revenue",
  "Period": "FY18 Final",
  "Actual": 13.2,
  "Goal": "15.5",
  "Division": "Ohio",
  "Reporting_Period": "",
  "Format": "Percent",
  "Measure Order": 1
},
{
  "MeasureName": "Service to the Poor & Vulnerable",
  "MeasureLabel": "of gross revenue",
  "Period": "FY18 Final",
  "Actual": 23.1,
  "Goal": "23.7",
  "Division": "Pacific Northwest",
  "Reporting_Period": "",
  "Format": "Percent",
  "Measure Order": 1
},
{
  "MeasureName": "Service to the Poor & Vulnerable",
  "MeasureLabel": "of gross revenue",
  "Period": "FY18 Final",
  "Actual": 8.3,
  "Goal": "7.9",
  "Division": "Tennessee",
  "Reporting_Period": "",
  "Format": "Percent",
  "Measure Order": 1
},
{
  "MeasureName": "Service to the Poor & Vulnerable",
  "MeasureLabel": "of gross revenue",
  "Period": "FY18 Final",
  "Actual": 15.3,
  "Goal": "14.9",
  "Division": "Texas",
  "Reporting_Period": "",
  "Format": "Percent",
  "Measure Order": 1
},
{
  "MeasureName": "Employee Engagement",
  "MeasureLabel": "mean",
  "Period": "FY18 Final",
  "Actual": 3.26,
  "Goal": "3.32",
  "Division": "CHI",
  "Reporting_Period": "",
  "Format": "Number",
  "Measure Order": 2
},
{
  "MeasureName": "Employee Engagement",
  "MeasureLabel": "mean",
  "Period": "FY18 Final",
  "Actual": 3.39,
  "Goal": "3.38",
  "Division": "Arkansas",
  "Reporting_Period": "",
  "Format": "Number",
  "Measure Order": 2
},
{
  "MeasureName": "Employee Engagement",
  "MeasureLabel": "mean",
  "Period": "FY18 Final",
  "Actual": 3.13,
  "Goal": "3.39",
  "Division": "Fargo ",
  "Reporting_Period": "",
  "Format": "Number",
  "Measure Order": 2
},
{
  "MeasureName": "Employee Engagement",
  "MeasureLabel": "mean",
  "Period": "FY18 Final",
  "Actual": 3.26,
  "Goal": "3.25",
  "Division": "Kentucky",
  "Reporting_Period": "",
  "Format": "Number",
  "Measure Order": 2
},
{
  "MeasureName": "Employee Engagement",
  "MeasureLabel": "mean",
  "Period": "FY18 Final",
  "Actual": 3.24,
  "Goal": "3.27",
  "Division": "Nebraska",
  "Reporting_Period": "",
  "Format": "Number",
  "Measure Order": 2
},
{
  "MeasureName": "Employee Engagement",
  "MeasureLabel": "mean",
  "Period": "FY18 Final",
  "Actual": 3.21,
  "Goal": "3.17",
  "Division": "Ohio",
  "Reporting_Period": "",
  "Format": "Number",
  "Measure Order": 2
},
{
  "MeasureName": "Employee Engagement",
  "MeasureLabel": "mean",
  "Period": "FY18 Final",
  "Actual": 3.22,
  "Goal": "3.37",
  "Division": "Pacific Northwest",
  "Reporting_Period": "",
  "Format": "Number",
  "Measure Order": 2
},
{
  "MeasureName": "Employee Engagement",
  "MeasureLabel": "mean",
  "Period": "FY18 Final",
  "Actual": 3.38,
  "Goal": "3.39",
  "Division": "Tennessee",
  "Reporting_Period": "",
  "Format": "Number",
  "Measure Order": 2
},
{
  "MeasureName": "Employee Engagement",
  "MeasureLabel": "mean",
  "Period": "FY18 Final",
  "Actual": 3.28,
  "Goal": "3.34",
  "Division": "Texas",
  "Reporting_Period": "",
  "Format": "Number",
  "Measure Order": 2
},
{
  "MeasureName": "Physician Engagement",
  "MeasureLabel": "percentile",
  "Period": "FY18 Final",
  "Actual": 31,
  "Goal": "38",
  "Division": "CHI",
  "Reporting_Period": "",
  "Format": "Number",
  "Measure Order": 3
},
{
  "MeasureName": "Physician Engagement",
  "MeasureLabel": "percentile",
  "Period": "FY18 Final",
  "Actual": 56,
  "Goal": "43",
  "Division": "Arkansas",
  "Reporting_Period": "",
  "Format": "Number",
  "Measure Order": 3
},
{
  "MeasureName": "Physician Engagement",
  "MeasureLabel": "percentile",
  "Period": "FY18 Final",
  "Actual": 25,
  "Goal": "60",
  "Division": "Fargo ",
  "Reporting_Period": "",
  "Format": "Number",
  "Measure Order": 3
},
{
  "MeasureName": "Physician Engagement",
  "MeasureLabel": "percentile",
  "Period": "FY18 Final",
  "Actual": 28,
  "Goal": "50",
  "Division": "Kentucky",
  "Reporting_Period": "",
  "Format": "Number",
  "Measure Order": 3
},
{
  "MeasureName": "Physician Engagement",
  "MeasureLabel": "percentile",
  "Period": "FY18 Final",
  "Actual": 42,
  "Goal": "38",
  "Division": "Nebraska",
  "Reporting_Period": "",
  "Format": "Number",
  "Measure Order": 3
},
{
  "MeasureName": "Physician Engagement",
  "MeasureLabel": "percentile",
  "Period": "FY18 Final",
  "Actual": 13,
  "Goal": "25",
  "Division": "Ohio",
  "Reporting_Period": "",
  "Format": "Number",
  "Measure Order": 3
},
{
  "MeasureName": "Physician Engagement",
  "MeasureLabel": "percentile",
  "Period": "FY18 Final",
  "Actual": 17,
  "Goal": "30",
  "Division": "Pacific Northwest",
  "Reporting_Period": "",
  "Format": "Number",
  "Measure Order": 3
},
{
  "MeasureName": "Physician Engagement",
  "MeasureLabel": "percentile",
  "Period": "FY18 Final",
  "Actual": 42,
  "Goal": "37",
  "Division": "Tennessee",
  "Reporting_Period": "",
  "Format": "Number",
  "Measure Order": 3
},
{
  "MeasureName": "Physician Engagement",
  "MeasureLabel": "percentile",
  "Period": "FY18 Final",
  "Actual": 37,
  "Goal": "47",
  "Division": "Texas",
  "Reporting_Period": "",
  "Format": "Number",
  "Measure Order": 3
},
{
  "MeasureName": "Quality",
  "MeasureLabel": "percentile",
  "Period": "FY18 Final",
  "Actual": 67.2,
  "Goal": "75",
  "Division": "CHI",
  "Reporting_Period": "Apr 2017- Mar 2018",
  "Format": "Number",
  "Measure Order": 4
},
{
  "MeasureName": "Quality",
  "MeasureLabel": "percentile",
  "Period": "FY18 Final",
  "Actual": 56.9,
  "Goal": "75",
  "Division": "Arkansas",
  "Reporting_Period": "Apr 2017- Mar 2018",
  "Format": "Number",
  "Measure Order": 4
},
{
  "MeasureName": "Quality",
  "MeasureLabel": "percentile",
  "Period": "FY18 Final",
  "Actual": 87.8,
  "Goal": "75",
  "Division": "Fargo ",
  "Reporting_Period": "Apr 2017- Mar 2018",
  "Format": "Number",
  "Measure Order": 4
},
{
  "MeasureName": "Quality",
  "MeasureLabel": "percentile",
  "Period": "FY18 Final",
  "Actual": 78.9,
  "Goal": "75",
  "Division": "Kentucky",
  "Reporting_Period": "Apr 2017- Mar 2018",
  "Format": "Number",
  "Measure Order": 4
},
{
  "MeasureName": "Quality",
  "MeasureLabel": "percentile",
  "Period": "FY18 Final",
  "Actual": 65.8,
  "Goal": "75",
  "Division": "Nebraska",
  "Reporting_Period": "Apr 2017- Mar 2018",
  "Format": "Number",
  "Measure Order": 4
},
{
  "MeasureName": "Quality",
  "MeasureLabel": "percentile",
  "Period": "FY18 Final",
  "Actual": 54.3,
  "Goal": "75",
  "Division": "Ohio",
  "Reporting_Period": "Apr 2017- Mar 2018",
  "Format": "Number",
  "Measure Order": 4
},
{
  "MeasureName": "Quality",
  "MeasureLabel": "percentile",
  "Period": "FY18 Final",
  "Actual": 66.1,
  "Goal": "75",
  "Division": "Pacific Northwest",
  "Reporting_Period": "Apr 2017- Mar 2018",
  "Format": "Number",
  "Measure Order": 4
},
{
  "MeasureName": "Quality",
  "MeasureLabel": "percentile",
  "Period": "FY18 Final",
  "Actual": 56.9,
  "Goal": "75",
  "Division": "Tennessee",
  "Reporting_Period": "Apr 2017- Mar 2018",
  "Format": "Number",
  "Measure Order": 4
},
{
  "MeasureName": "Quality",
  "MeasureLabel": "percentile",
  "Period": "FY18 Final",
  "Actual": 70.8,
  "Goal": "75",
  "Division": "Texas",
  "Reporting_Period": "Apr 2017- Mar 2018",
  "Format": "Number",
  "Measure Order": 4
},
{
  "MeasureName": "Patient Experience",
  "MeasureLabel": "percentile",
  "Period": "FY18 Final",
  "Actual": 34.4,
  "Goal": "75",
  "Division": "CHI",
  "Reporting_Period": "Apr 2017- Mar 2018",
  "Format": "Number",
  "Measure Order": 5
},
{
  "MeasureName": "Patient Experience",
  "MeasureLabel": "percentile",
  "Period": "FY18 Final",
  "Actual": 21.9,
  "Goal": "75",
  "Division": "Arkansas",
  "Reporting_Period": "Apr 2017- Mar 2018",
  "Format": "Number",
  "Measure Order": 5
},
{
  "MeasureName": "Patient Experience",
  "MeasureLabel": "percentile",
  "Period": "FY18 Final",
  "Actual": 58.5,
  "Goal": "75",
  "Division": "Fargo ",
  "Reporting_Period": "Apr 2017- Mar 2018",
  "Format": "Number",
  "Measure Order": 5
},
{
  "MeasureName": "Patient Experience",
  "MeasureLabel": "percentile",
  "Period": "FY18 Final",
  "Actual": 41.6,
  "Goal": "75",
  "Division": "Kentucky",
  "Reporting_Period": "Apr 2017- Mar 2018",
  "Format": "Number",
  "Measure Order": 5
},
{
  "MeasureName": "Patient Experience",
  "MeasureLabel": "percentile",
  "Period": "FY18 Final",
  "Actual": 39.1,
  "Goal": "75",
  "Division": "Nebraska",
  "Reporting_Period": "Apr 2017- Mar 2018",
  "Format": "Number",
  "Measure Order": 5
},
{
  "MeasureName": "Patient Experience",
  "MeasureLabel": "percentile",
  "Period": "FY18 Final",
  "Actual": 50.1,
  "Goal": "75",
  "Division": "Ohio",
  "Reporting_Period": "Apr 2017- Mar 2018",
  "Format": "Number",
  "Measure Order": 5
},
{
  "MeasureName": "Patient Experience",
  "MeasureLabel": "percentile",
  "Period": "FY18 Final",
  "Actual": 23,
  "Goal": "75",
  "Division": "Pacific Northwest",
  "Reporting_Period": "Apr 2017- Mar 2018",
  "Format": "Number",
  "Measure Order": 5
},
{
  "MeasureName": "Patient Experience",
  "MeasureLabel": "percentile",
  "Period": "FY18 Final",
  "Actual": 66.3,
  "Goal": "75",
  "Division": "Tennessee",
  "Reporting_Period": "Apr 2017- Mar 2018",
  "Format": "Number",
  "Measure Order": 5
},
{
  "MeasureName": "Patient Experience",
  "MeasureLabel": "percentile",
  "Period": "FY18 Final",
  "Actual": 38.3,
  "Goal": "75",
  "Division": "Texas",
  "Reporting_Period": "Apr 2017- Mar 2018",
  "Format": "Number",
  "Measure Order": 5
},
{
  "MeasureName": "Safety",
  "MeasureLabel": "percentile",
  "Period": "FY18 Final",
  "Actual": 83.9,
  "Goal": "75",
  "Division": "CHI",
  "Reporting_Period": "Apr 2017- Mar 2018",
  "Format": "Number",
  "Measure Order": 6
},
{
  "MeasureName": "Safety",
  "MeasureLabel": "percentile",
  "Period": "FY18 Final",
  "Actual": 100,
  "Goal": "75",
  "Division": "Arkansas",
  "Reporting_Period": "Apr 2017- Mar 2018",
  "Format": "Number",
  "Measure Order": 6
},
{
  "MeasureName": "Safety",
  "MeasureLabel": "percentile",
  "Period": "FY18 Final",
  "Actual": 78.9,
  "Goal": "75",
  "Division": "Fargo ",
  "Reporting_Period": "Apr 2017- Mar 2018",
  "Format": "Number",
  "Measure Order": 6
},
{
  "MeasureName": "Safety",
  "MeasureLabel": "percentile",
  "Period": "FY18 Final",
  "Actual": 62.5,
  "Goal": "75",
  "Division": "Kentucky",
  "Reporting_Period": "Apr 2017- Mar 2018",
  "Format": "Number",
  "Measure Order": 6
},
{
  "MeasureName": "Safety",
  "MeasureLabel": "percentile",
  "Period": "FY18 Final",
  "Actual": 88.6,
  "Goal": "75",
  "Division": "Nebraska",
  "Reporting_Period": "Apr 2017- Mar 2018",
  "Format": "Number",
  "Measure Order": 6
},
{
  "MeasureName": "Safety",
  "MeasureLabel": "percentile",
  "Period": "FY18 Final",
  "Actual": 79.7,
  "Goal": "75",
  "Division": "Ohio",
  "Reporting_Period": "Apr 2017- Mar 2018",
  "Format": "Number",
  "Measure Order": 6
},
{
  "MeasureName": "Safety",
  "MeasureLabel": "percentile",
  "Period": "FY18 Final",
  "Actual": 84.6,
  "Goal": "75",
  "Division": "Pacific Northwest",
  "Reporting_Period": "Apr 2017- Mar 2018",
  "Format": "Number",
  "Measure Order": 6
},
{
  "MeasureName": "Safety",
  "MeasureLabel": "percentile",
  "Period": "FY18 Final",
  "Actual": 73.7,
  "Goal": "75",
  "Division": "Tennessee",
  "Reporting_Period": "Apr 2017- Mar 2018",
  "Format": "Number",
  "Measure Order": 6
},
{
  "MeasureName": "Safety",
  "MeasureLabel": "percentile",
  "Period": "FY18 Final",
  "Actual": 89,
  "Goal": "75",
  "Division": "Texas",
  "Reporting_Period": "Apr 2017- Mar 2018",
  "Format": "Number",
  "Measure Order": 6
},
{
  "MeasureName": "Growth",
  "MeasureLabel": "of NPSR",
  "Period": "FY18 Final",
  "Actual": 2.7,
  "Goal": "3.3",
  "Division": "CHI",
  "Reporting_Period": "",
  "Format": "Percent",
  "Measure Order": 7
},
{
  "MeasureName": "Growth",
  "MeasureLabel": "of NPSR",
  "Period": "FY18 Final",
  "Actual": -0.6,
  "Goal": "1.4",
  "Division": "Arkansas",
  "Reporting_Period": "",
  "Format": "Percent",
  "Measure Order": 7
},
{
  "MeasureName": "Growth",
  "MeasureLabel": "of NPSR",
  "Period": "FY18 Final",
  "Actual": 1.2,
  "Goal": "2.1",
  "Division": "Fargo ",
  "Reporting_Period": "",
  "Format": "Percent",
  "Measure Order": 7
},
{
  "MeasureName": "Growth",
  "MeasureLabel": "of NPSR",
  "Period": "FY18 Final",
  "Actual": 0.4,
  "Goal": "0.8",
  "Division": "Kentucky",
  "Reporting_Period": "",
  "Format": "Percent",
  "Measure Order": 7
},
{
  "MeasureName": "Growth",
  "MeasureLabel": "of NPSR",
  "Period": "FY18 Final",
  "Actual": 2.7,
  "Goal": "2.4",
  "Division": "Nebraska",
  "Reporting_Period": "",
  "Format": "Percent",
  "Measure Order": 7
},
{
  "MeasureName": "Growth",
  "MeasureLabel": "of NPSR",
  "Period": "FY18 Final",
  "Actual": -3.2,
  "Goal": "5.6",
  "Division": "Ohio",
  "Reporting_Period": "",
  "Format": "Percent",
  "Measure Order": 7
},
{
  "MeasureName": "Growth",
  "MeasureLabel": "of NPSR",
  "Period": "FY18 Final",
  "Actual": 4.6,
  "Goal": "3.1",
  "Division": "Pacific Northwest",
  "Reporting_Period": "",
  "Format": "Percent",
  "Measure Order": 7
},
{
  "MeasureName": "Growth",
  "MeasureLabel": "of NPSR",
  "Period": "FY18 Final",
  "Actual": 2.7,
  "Goal": "5.1",
  "Division": "Tennessee",
  "Reporting_Period": "",
  "Format": "Percent",
  "Measure Order": 7
},
{
  "MeasureName": "Growth",
  "MeasureLabel": "of NPSR",
  "Period": "FY18 Final",
  "Actual": 3.3,
  "Goal": "3.8",
  "Division": "Texas",
  "Reporting_Period": "",
  "Format": "Percent",
  "Measure Order": 7
},
{
  "MeasureName": "Transformation",
  "MeasureLabel": "TBD",
  "Period": "FY18 Final",
  "Actual": 914411,
  "Goal": "1011853",
  "Division": "CHI",
  "Reporting_Period": "",
  "Format": "Number",
  "Measure Order": 8
},
{
  "MeasureName": "Transformation",
  "MeasureLabel": "TBD",
  "Period": "FY18 Final",
  "Actual": 99098,
  "Goal": "88400",
  "Division": "Arkansas",
  "Reporting_Period": "",
  "Format": "Number",
  "Measure Order": 8
},
{
  "MeasureName": "Transformation",
  "MeasureLabel": "TBD",
  "Period": "FY18 Final",
  "Actual": 2430,
  "Goal": "0",
  "Division": "Fargo ",
  "Reporting_Period": "",
  "Format": "Number",
  "Measure Order": 8
},
{
  "MeasureName": "Transformation",
  "MeasureLabel": "TBD",
  "Period": "FY18 Final",
  "Actual": 96070,
  "Goal": "135000",
  "Division": "Kentucky",
  "Reporting_Period": "",
  "Format": "Number",
  "Measure Order": 8
},
{
  "MeasureName": "Transformation",
  "MeasureLabel": "TBD",
  "Period": "FY18 Final",
  "Actual": 227836,
  "Goal": "200000",
  "Division": "Nebraska",
  "Reporting_Period": "",
  "Format": "Number",
  "Measure Order": 8
},
{
  "MeasureName": "Transformation",
  "MeasureLabel": "TBD",
  "Period": "FY18 Final",
  "Actual": 0,
  "Goal": "0",
  "Division": "Ohio",
  "Reporting_Period": "",
  "Format": "Number",
  "Measure Order": 8
},
{
  "MeasureName": "Transformation",
  "MeasureLabel": "TBD",
  "Period": "FY18 Final",
  "Actual": 208211,
  "Goal": "175000",
  "Division": "Pacific Northwest",
  "Reporting_Period": "",
  "Format": "Number",
  "Measure Order": 8
},
{
  "MeasureName": "Transformation",
  "MeasureLabel": "TBD",
  "Period": "FY18 Final",
  "Actual": 49934,
  "Goal": "58700",
  "Division": "Tennessee",
  "Reporting_Period": "",
  "Format": "Number",
  "Measure Order": 8
},
{
  "MeasureName": "Transformation",
  "MeasureLabel": "TBD",
  "Period": "FY18 Final",
  "Actual": 80437,
  "Goal": "76000",
  "Division": "Texas",
  "Reporting_Period": "",
  "Format": "Number",
  "Measure Order": 8
},
{
  "MeasureName": "Operating EBIDA",
  "MeasureLabel": "of Gross Revenue",
  "Period": "FY18 Final",
  "Actual": 6.9,
  "Goal": "8",
  "Division": "CHI",
  "Reporting_Period": "",
  "Format": "Percent",
  "Measure Order": 9
},
{
  "MeasureName": "Operating EBIDA",
  "MeasureLabel": "of Gross Revenue",
  "Period": "FY18 Final",
  "Actual": -1.8,
  "Goal": "4.1",
  "Division": "Arkansas",
  "Reporting_Period": "",
  "Format": "Percent",
  "Measure Order": 9
},
{
  "MeasureName": "Operating EBIDA",
  "MeasureLabel": "of Gross Revenue",
  "Period": "FY18 Final",
  "Actual": 8,
  "Goal": "11.8",
  "Division": "Fargo ",
  "Reporting_Period": "",
  "Format": "Percent",
  "Measure Order": 9
},
{
  "MeasureName": "Operating EBIDA",
  "MeasureLabel": "of Gross Revenue",
  "Period": "FY18 Final",
  "Actual": 8.4,
  "Goal": "9.4",
  "Division": "Kentucky",
  "Reporting_Period": "",
  "Format": "Percent",
  "Measure Order": 9
},
{
  "MeasureName": "Operating EBIDA",
  "MeasureLabel": "of Gross Revenue",
  "Period": "FY18 Final",
  "Actual": 11.4,
  "Goal": "11.7",
  "Division": "Nebraska",
  "Reporting_Period": "",
  "Format": "Percent",
  "Measure Order": 9
},
{
  "MeasureName": "Operating EBIDA",
  "MeasureLabel": "of Gross Revenue",
  "Period": "FY18 Final",
  "Actual": 5.1,
  "Goal": "7.9",
  "Division": "Ohio",
  "Reporting_Period": "",
  "Format": "Percent",
  "Measure Order": 9
},
{
  "MeasureName": "Operating EBIDA",
  "MeasureLabel": "of Gross Revenue",
  "Period": "FY18 Final",
  "Actual": 10.6,
  "Goal": "12",
  "Division": "Pacific Northwest",
  "Reporting_Period": "",
  "Format": "Percent",
  "Measure Order": 9
},
{
  "MeasureName": "Operating EBIDA",
  "MeasureLabel": "of Gross Revenue",
  "Period": "FY18 Final",
  "Actual": 8.1,
  "Goal": "12.2",
  "Division": "Tennessee",
  "Reporting_Period": "",
  "Format": "Percent",
  "Measure Order": 9
},
{
  "MeasureName": "Operating EBIDA",
  "MeasureLabel": "of Gross Revenue",
  "Period": "FY18 Final",
  "Actual": 3.8,
  "Goal": "5.9",
  "Division": "Texas",
  "Reporting_Period": "",
  "Format": "Percent",
  "Measure Order": 9
}
  ],
  "LOMM2":[
{
  "MeasureName": "Service to the Poor & Vulnerable",
  "MeasureLabel": "of gross revenue",
  "Period": "FY19",
  "Actual": 0,
  "Goal": "18.8",
  "Division": "CHI",
  "Reporting_Period": "",
  "Format": "Percent",
  "Measure Order": 1
},
{
  "MeasureName": "Employee Engagement",
  "MeasureLabel": "mean",
  "Period": "FY19",
  "Actual": 0,
  "Goal": "3.77",
  "Division": "CHI",
  "Reporting_Period": "",
  "Format": "Number",
  "Measure Order": 2
},
{
  "MeasureName": "Physician Engagement",
  "MeasureLabel": "percentile",
  "Period": "FY19",
  "Actual": 0,
  "Goal": "3.82",
  "Division": "CHI",
  "Reporting_Period": "",
  "Format": "Number",
  "Measure Order": 3
},
{
  "MeasureName": "Quality",
  "MeasureLabel": "percentile",
  "Period": "FY19",
  "Actual": 0,
  "Goal": "75",
  "Division": "CHI",
  "Reporting_Period": "Apr 2017- Mar 2018",
  "Format": "Number",
  "Measure Order": 4
},
{
  "MeasureName": "Patient Experience",
  "MeasureLabel": "percentile",
  "Period": "FY19",
  "Actual": 0,
  "Goal": "75",
  "Division": "CHI",
  "Reporting_Period": "Apr 2017- Mar 2018",
  "Format": "Number",
  "Measure Order": 5
},
{
  "MeasureName": "Safety",
  "MeasureLabel": "percentile",
  "Period": "FY19",
  "Actual": 0,
  "Goal": "75",
  "Division": "CHI",
  "Reporting_Period": "Apr 2017- Mar 2018",
  "Format": "Number",
  "Measure Order": 6
},
{
  "MeasureName": "Growth",
  "MeasureLabel": "of NPSR",
  "Period": "FY19",
  "Actual": 0,
  "Goal": "2.0",
  "Division": "CHI",
  "Reporting_Period": "",
  "Format": "Percent",
  "Measure Order": 7
},
{
  "MeasureName": "Transformation",
  "MeasureLabel": "TBD",
  "Period": "FY19",
  "Actual": 0,
  "Goal": "TBD",
  "Division": "CHI",
  "Reporting_Period": "",
  "Format": "Number",
  "Measure Order": 8
},
{
  "MeasureName": "Operating EBIDA",
  "MeasureLabel": "of Gross Revenue",
  "Period": "FY19",
  "Actual": 0,
  "Goal": "8",
  "Division": "CHI",
  "Reporting_Period": "",
  "Format": "Percent",
  "Measure Order": 9
},
{
  "MeasureName": "Service to the Poor & Vulnerable",
  "MeasureLabel": "of gross revenue",
  "Period": "FY19",
  "Actual": 0,
  "Goal": "14.5",
  "Division": "Arkansas",
  "Reporting_Period": "",
  "Format": "Percent",
  "Measure Order": 1
},
{
  "MeasureName": "Employee Engagement",
  "MeasureLabel": "mean",
  "Period": "FY19",
  "Actual": 0,
  "Goal": "3.91",
  "Division": "Arkansas",
  "Reporting_Period": "",
  "Format": "Number",
  "Measure Order": 2
},
{
  "MeasureName": "Physician Engagement",
  "MeasureLabel": "percentile",
  "Period": "FY19",
  "Actual": 0,
  "Goal": "4.02",
  "Division": "Arkansas",
  "Reporting_Period": "",
  "Format": "Number",
  "Measure Order": 3
},
{
  "MeasureName": "Quality",
  "MeasureLabel": "percentile",
  "Period": "FY19",
  "Actual": 0,
  "Goal": "75",
  "Division": "Arkansas",
  "Reporting_Period": "Apr 2017- Mar 2018",
  "Format": "Number",
  "Measure Order": 4
},
{
  "MeasureName": "Patient Experience",
  "MeasureLabel": "percentile",
  "Period": "FY19",
  "Actual": 0,
  "Goal": "75",
  "Division": "Arkansas",
  "Reporting_Period": "Apr 2017- Mar 2018",
  "Format": "Number",
  "Measure Order": 5
},
{
  "MeasureName": "Safety",
  "MeasureLabel": "percentile",
  "Period": "FY19",
  "Actual": 0,
  "Goal": "75",
  "Division": "Arkansas",
  "Reporting_Period": "Apr 2017- Mar 2018",
  "Format": "Number",
  "Measure Order": 6
},
{
  "MeasureName": "Growth",
  "MeasureLabel": "of NPSR",
  "Period": "FY19",
  "Actual": 0,
  "Goal": "6.4",
  "Division": "Arkansas",
  "Reporting_Period": "",
  "Format": "Percent",
  "Measure Order": 7
},
{
  "MeasureName": "Transformation",
  "MeasureLabel": "TBD",
  "Period": "FY19",
  "Actual": 0,
  "Goal": "TBD",
  "Division": "Arkansas",
  "Reporting_Period": "",
  "Format": "Number",
  "Measure Order": 8
},
{
  "MeasureName": "Operating EBIDA",
  "MeasureLabel": "of Gross Revenue",
  "Period": "FY19",
  "Actual": 0,
  "Goal": "2.5",
  "Division": "Arkansas",
  "Reporting_Period": "",
  "Format": "Percent",
  "Measure Order": 9
},
{
  "MeasureName": "Service to the Poor & Vulnerable",
  "MeasureLabel": "of gross revenue",
  "Period": "FY19",
  "Actual": 0,
  "Goal": "16.8",
  "Division": "Fargo ",
  "Reporting_Period": "",
  "Format": "Percent",
  "Measure Order": 1
},
{
  "MeasureName": "Employee Engagement",
  "MeasureLabel": "mean",
  "Period": "FY19",
  "Actual": 0,
  "Goal": "3.7",
  "Division": "Fargo ",
  "Reporting_Period": "",
  "Format": "Number",
  "Measure Order": 2
},
{
  "MeasureName": "Physician Engagement",
  "MeasureLabel": "percentile",
  "Period": "FY19",
  "Actual": 0,
  "Goal": "3.26",
  "Division": "Fargo ",
  "Reporting_Period": "",
  "Format": "Number",
  "Measure Order": 3
},
{
  "MeasureName": "Quality",
  "MeasureLabel": "percentile",
  "Period": "FY19",
  "Actual": 0,
  "Goal": "75",
  "Division": "Fargo ",
  "Reporting_Period": "Apr 2017- Mar 2018",
  "Format": "Number",
  "Measure Order": 4
},
{
  "MeasureName": "Patient Experience",
  "MeasureLabel": "percentile",
  "Period": "FY19",
  "Actual": 0,
  "Goal": "75",
  "Division": "Fargo ",
  "Reporting_Period": "Apr 2017- Mar 2018",
  "Format": "Number",
  "Measure Order": 5
},
{
  "MeasureName": "Safety",
  "MeasureLabel": "percentile",
  "Period": "FY19",
  "Actual": 0,
  "Goal": "75",
  "Division": "Fargo ",
  "Reporting_Period": "Apr 2017- Mar 2018",
  "Format": "Number",
  "Measure Order": 6
},
{
  "MeasureName": "Growth",
  "MeasureLabel": "of NPSR",
  "Period": "FY19",
  "Actual": 0,
  "Goal": "3.7",
  "Division": "Fargo ",
  "Reporting_Period": "",
  "Format": "Percent",
  "Measure Order": 7
},
{
  "MeasureName": "Transformation",
  "MeasureLabel": "TBD",
  "Period": "FY19",
  "Actual": 0,
  "Goal": "TBD",
  "Division": "Fargo ",
  "Reporting_Period": "",
  "Format": "Number",
  "Measure Order": 8
},
{
  "MeasureName": "Operating EBIDA",
  "MeasureLabel": "of Gross Revenue",
  "Period": "FY19",
  "Actual": 0,
  "Goal": "10.3",
  "Division": "Fargo ",
  "Reporting_Period": "",
  "Format": "Percent",
  "Measure Order": 9
},
{
  "MeasureName": "Service to the Poor & Vulnerable",
  "MeasureLabel": "of gross revenue",
  "Period": "FY19",
  "Actual": 0,
  "Goal": "25.5",
  "Division": "Kentucky",
  "Reporting_Period": "",
  "Format": "Percent",
  "Measure Order": 1
},
{
  "MeasureName": "Employee Engagement",
  "MeasureLabel": "mean",
  "Period": "FY19",
  "Actual": 0,
  "Goal": "3.82",
  "Division": "Kentucky",
  "Reporting_Period": "",
  "Format": "Number",
  "Measure Order": 2
},
{
  "MeasureName": "Physician Engagement",
  "MeasureLabel": "percentile",
  "Period": "FY19",
  "Actual": 0,
  "Goal": "3.92",
  "Division": "Kentucky",
  "Reporting_Period": "",
  "Format": "Number",
  "Measure Order": 3
},
{
  "MeasureName": "Quality",
  "MeasureLabel": "percentile",
  "Period": "FY19",
  "Actual": 0,
  "Goal": "75",
  "Division": "Kentucky",
  "Reporting_Period": "Apr 2017- Mar 2018",
  "Format": "Number",
  "Measure Order": 4
},
{
  "MeasureName": "Patient Experience",
  "MeasureLabel": "percentile",
  "Period": "FY19",
  "Actual": 0,
  "Goal": "75",
  "Division": "Kentucky",
  "Reporting_Period": "Apr 2017- Mar 2018",
  "Format": "Number",
  "Measure Order": 5
},
{
  "MeasureName": "Safety",
  "MeasureLabel": "percentile",
  "Period": "FY19",
  "Actual": 0,
  "Goal": "75",
  "Division": "Kentucky",
  "Reporting_Period": "Apr 2017- Mar 2018",
  "Format": "Number",
  "Measure Order": 6
},
{
  "MeasureName": "Growth",
  "MeasureLabel": "of NPSR",
  "Period": "FY19",
  "Actual": 0,
  "Goal": "-2",
  "Division": "Kentucky",
  "Reporting_Period": "",
  "Format": "Percent",
  "Measure Order": 7
},
{
  "MeasureName": "Transformation",
  "MeasureLabel": "TBD",
  "Period": "FY19",
  "Actual": 0,
  "Goal": "TBD",
  "Division": "Kentucky",
  "Reporting_Period": "",
  "Format": "Number",
  "Measure Order": 8
},
{
  "MeasureName": "Operating EBIDA",
  "MeasureLabel": "of Gross Revenue",
  "Period": "FY19",
  "Actual": 0,
  "Goal": "8.8",
  "Division": "Kentucky",
  "Reporting_Period": "",
  "Format": "Percent",
  "Measure Order": 9
},
{
  "MeasureName": "Service to the Poor & Vulnerable",
  "MeasureLabel": "of gross revenue",
  "Period": "FY19",
  "Actual": 0,
  "Goal": "18.6",
  "Division": "Nebraska",
  "Reporting_Period": "",
  "Format": "Percent",
  "Measure Order": 1
},
{
  "MeasureName": "Employee Engagement",
  "MeasureLabel": "mean",
  "Period": "FY19",
  "Actual": 0,
  "Goal": "3.8",
  "Division": "Nebraska",
  "Reporting_Period": "",
  "Format": "Number",
  "Measure Order": 2
},
{
  "MeasureName": "Physician Engagement",
  "MeasureLabel": "percentile",
  "Period": "FY19",
  "Actual": 0,
  "Goal": "3.78",
  "Division": "Nebraska",
  "Reporting_Period": "",
  "Format": "Number",
  "Measure Order": 3
},
{
  "MeasureName": "Quality",
  "MeasureLabel": "percentile",
  "Period": "FY19",
  "Actual": 0,
  "Goal": "75",
  "Division": "Nebraska",
  "Reporting_Period": "Apr 2017- Mar 2018",
  "Format": "Number",
  "Measure Order": 4
},
{
  "MeasureName": "Patient Experience",
  "MeasureLabel": "percentile",
  "Period": "FY19",
  "Actual": 0,
  "Goal": "75",
  "Division": "Nebraska",
  "Reporting_Period": "Apr 2017- Mar 2018",
  "Format": "Number",
  "Measure Order": 5
},
{
  "MeasureName": "Safety",
  "MeasureLabel": "percentile",
  "Period": "FY19",
  "Actual": 0,
  "Goal": "75",
  "Division": "Nebraska",
  "Reporting_Period": "Apr 2017- Mar 2018",
  "Format": "Number",
  "Measure Order": 6
},
{
  "MeasureName": "Growth",
  "MeasureLabel": "of NPSR",
  "Period": "FY19",
  "Actual": 0,
  "Goal": "3.3",
  "Division": "Nebraska",
  "Reporting_Period": "",
  "Format": "Percent",
  "Measure Order": 7
},
{
  "MeasureName": "Transformation",
  "MeasureLabel": "TBD",
  "Period": "FY19",
  "Actual": 0,
  "Goal": "TBD",
  "Division": "Nebraska",
  "Reporting_Period": "",
  "Format": "Number",
  "Measure Order": 8
},
{
  "MeasureName": "Operating EBIDA",
  "MeasureLabel": "of Gross Revenue",
  "Period": "FY19",
  "Actual": 0,
  "Goal": "10.7",
  "Division": "Nebraska",
  "Reporting_Period": "",
  "Format": "Percent",
  "Measure Order": 9
},
{
  "MeasureName": "Service to the Poor & Vulnerable",
  "MeasureLabel": "of gross revenue",
  "Period": "FY19",
  "Actual": 0,
  "Goal": "9.4",
  "Division": "Ohio",
  "Reporting_Period": "",
  "Format": "Percent",
  "Measure Order": 1
},
{
  "MeasureName": "Employee Engagement",
  "MeasureLabel": "mean",
  "Period": "FY19",
  "Actual": 0,
  "Goal": "3.69",
  "Division": "Ohio",
  "Reporting_Period": "",
  "Format": "Number",
  "Measure Order": 2
},
{
  "MeasureName": "Physician Engagement",
  "MeasureLabel": "percentile",
  "Period": "FY19",
  "Actual": 0,
  "Goal": "4.06",
  "Division": "Ohio",
  "Reporting_Period": "",
  "Format": "Number",
  "Measure Order": 3
},
{
  "MeasureName": "Quality",
  "MeasureLabel": "percentile",
  "Period": "FY19",
  "Actual": 0,
  "Goal": "75",
  "Division": "Ohio",
  "Reporting_Period": "Apr 2017- Mar 2018",
  "Format": "Number",
  "Measure Order": 4
},
{
  "MeasureName": "Patient Experience",
  "MeasureLabel": "percentile",
  "Period": "FY19",
  "Actual": 0,
  "Goal": "75",
  "Division": "Ohio",
  "Reporting_Period": "Apr 2017- Mar 2018",
  "Format": "Number",
  "Measure Order": 5
},
{
  "MeasureName": "Safety",
  "MeasureLabel": "percentile",
  "Period": "FY19",
  "Actual": 0,
  "Goal": "75",
  "Division": "Ohio",
  "Reporting_Period": "Apr 2017- Mar 2018",
  "Format": "Number",
  "Measure Order": 6
},
{
  "MeasureName": "Growth",
  "MeasureLabel": "of NPSR",
  "Period": "FY19",
  "Actual": 0,
  "Goal": "-11.2",
  "Division": "Ohio",
  "Reporting_Period": "",
  "Format": "Percent",
  "Measure Order": 7
},
{
  "MeasureName": "Transformation",
  "MeasureLabel": "TBD",
  "Period": "FY19",
  "Actual": 0,
  "Goal": "TBD",
  "Division": "Ohio",
  "Reporting_Period": "",
  "Format": "Number",
  "Measure Order": 8
},
{
  "MeasureName": "Operating EBIDA",
  "MeasureLabel": "of Gross Revenue",
  "Period": "FY19",
  "Actual": 0,
  "Goal": "7.6",
  "Division": "Ohio",
  "Reporting_Period": "",
  "Format": "Percent",
  "Measure Order": 9
},
{
  "MeasureName": "Service to the Poor & Vulnerable",
  "MeasureLabel": "of gross revenue",
  "Period": "FY19",
  "Actual": 0,
  "Goal": "23.1",
  "Division": "Pacific Northwest",
  "Reporting_Period": "",
  "Format": "Percent",
  "Measure Order": 1
},
{
  "MeasureName": "Employee Engagement",
  "MeasureLabel": "mean",
  "Period": "FY19",
  "Actual": 0,
  "Goal": "3.69",
  "Division": "Pacific Northwest",
  "Reporting_Period": "",
  "Format": "Number",
  "Measure Order": 2
},
{
  "MeasureName": "Physician Engagement",
  "MeasureLabel": "percentile",
  "Period": "FY19",
  "Actual": 0,
  "Goal": "3.72",
  "Division": "Pacific Northwest",
  "Reporting_Period": "",
  "Format": "Number",
  "Measure Order": 3
},
{
  "MeasureName": "Quality",
  "MeasureLabel": "percentile",
  "Period": "FY19",
  "Actual": 0,
  "Goal": "75",
  "Division": "Pacific Northwest",
  "Reporting_Period": "Apr 2017- Mar 2018",
  "Format": "Number",
  "Measure Order": 4
},
{
  "MeasureName": "Patient Experience",
  "MeasureLabel": "percentile",
  "Period": "FY19",
  "Actual": 0,
  "Goal": "75",
  "Division": "Pacific Northwest",
  "Reporting_Period": "Apr 2017- Mar 2018",
  "Format": "Number",
  "Measure Order": 5
},
{
  "MeasureName": "Safety",
  "MeasureLabel": "percentile",
  "Period": "FY19",
  "Actual": 0,
  "Goal": "75",
  "Division": "Pacific Northwest",
  "Reporting_Period": "Apr 2017- Mar 2018",
  "Format": "Number",
  "Measure Order": 6
},
{
  "MeasureName": "Growth",
  "MeasureLabel": "of NPSR",
  "Period": "FY19",
  "Actual": 0,
  "Goal": "4.1",
  "Division": "Pacific Northwest",
  "Reporting_Period": "",
  "Format": "Percent",
  "Measure Order": 7
},
{
  "MeasureName": "Transformation",
  "MeasureLabel": "TBD",
  "Period": "FY19",
  "Actual": 0,
  "Goal": "TBD",
  "Division": "Pacific Northwest",
  "Reporting_Period": "",
  "Format": "Number",
  "Measure Order": 8
},
{
  "MeasureName": "Operating EBIDA",
  "MeasureLabel": "of Gross Revenue",
  "Period": "FY19",
  "Actual": 0,
  "Goal": "11.3",
  "Division": "Pacific Northwest",
  "Reporting_Period": "",
  "Format": "Percent",
  "Measure Order": 9
},
{
  "MeasureName": "Service to the Poor & Vulnerable",
  "MeasureLabel": "of gross revenue",
  "Period": "FY19",
  "Actual": 0,
  "Goal": "9.2",
  "Division": "Tennessee",
  "Reporting_Period": "",
  "Format": "Percent",
  "Measure Order": 1
},
{
  "MeasureName": "Employee Engagement",
  "MeasureLabel": "mean",
  "Period": "FY19",
  "Actual": 0,
  "Goal": "3.94",
  "Division": "Tennessee",
  "Reporting_Period": "",
  "Format": "Number",
  "Measure Order": 2
},
{
  "MeasureName": "Physician Engagement",
  "MeasureLabel": "percentile",
  "Period": "FY19",
  "Actual": 0,
  "Goal": "4.1",
  "Division": "Tennessee",
  "Reporting_Period": "",
  "Format": "Number",
  "Measure Order": 3
},
{
  "MeasureName": "Quality",
  "MeasureLabel": "percentile",
  "Period": "FY19",
  "Actual": 0,
  "Goal": "75",
  "Division": "Tennessee",
  "Reporting_Period": "Apr 2017- Mar 2018",
  "Format": "Number",
  "Measure Order": 4
},
{
  "MeasureName": "Patient Experience",
  "MeasureLabel": "percentile",
  "Period": "FY19",
  "Actual": 0,
  "Goal": "75",
  "Division": "Tennessee",
  "Reporting_Period": "Apr 2017- Mar 2018",
  "Format": "Number",
  "Measure Order": 5
},
{
  "MeasureName": "Safety",
  "MeasureLabel": "percentile",
  "Period": "FY19",
  "Actual": 0,
  "Goal": "75",
  "Division": "Tennessee",
  "Reporting_Period": "Apr 2017- Mar 2018",
  "Format": "Number",
  "Measure Order": 6
},
{
  "MeasureName": "Growth",
  "MeasureLabel": "of NPSR",
  "Period": "FY19",
  "Actual": 0,
  "Goal": "2.5",
  "Division": "Tennessee",
  "Reporting_Period": "",
  "Format": "Percent",
  "Measure Order": 7
},
{
  "MeasureName": "Transformation",
  "MeasureLabel": "TBD",
  "Period": "FY19",
  "Actual": 0,
  "Goal": "TBD",
  "Division": "Tennessee",
  "Reporting_Period": "",
  "Format": "Number",
  "Measure Order": 8
},
{
  "MeasureName": "Operating EBIDA",
  "MeasureLabel": "of Gross Revenue",
  "Period": "FY19",
  "Actual": 0,
  "Goal": "10.4",
  "Division": "Tennessee",
  "Reporting_Period": "",
  "Format": "Percent",
  "Measure Order": 9
},
{
  "MeasureName": "Service to the Poor & Vulnerable",
  "MeasureLabel": "of gross revenue",
  "Period": "FY19",
  "Actual": 0,
  "Goal": "15.4",
  "Division": "Texas",
  "Reporting_Period": "",
  "Format": "Percent",
  "Measure Order": 1
},
{
  "MeasureName": "Employee Engagement",
  "MeasureLabel": "mean",
  "Period": "FY19",
  "Actual": 0,
  "Goal": "3.69",
  "Division": "Texas",
  "Reporting_Period": "",
  "Format": "Number",
  "Measure Order": 2
},
{
  "MeasureName": "Physician Engagement",
  "MeasureLabel": "percentile",
  "Period": "FY19",
  "Actual": 0,
  "Goal": "3.93",
  "Division": "Texas",
  "Reporting_Period": "",
  "Format": "Number",
  "Measure Order": 3
},
{
  "MeasureName": "Quality",
  "MeasureLabel": "percentile",
  "Period": "FY19",
  "Actual": 0,
  "Goal": "75",
  "Division": "Texas",
  "Reporting_Period": "Apr 2017- Mar 2018",
  "Format": "Number",
  "Measure Order": 4
},
{
  "MeasureName": "Patient Experience",
  "MeasureLabel": "percentile",
  "Period": "FY19",
  "Actual": 0,
  "Goal": "75",
  "Division": "Texas",
  "Reporting_Period": "Apr 2017- Mar 2018",
  "Format": "Number",
  "Measure Order": 5
},
{
  "MeasureName": "Safety",
  "MeasureLabel": "percentile",
  "Period": "FY19",
  "Actual": 0,
  "Goal": "75",
  "Division": "Texas",
  "Reporting_Period": "Apr 2017- Mar 2018",
  "Format": "Number",
  "Measure Order": 6
},
{
  "MeasureName": "Growth",
  "MeasureLabel": "of NPSR",
  "Period": "FY19",
  "Actual": 0,
  "Goal": "6.7",
  "Division": "Texas",
  "Reporting_Period": "",
  "Format": "Percent",
  "Measure Order": 7
},
{
  "MeasureName": "Transformation",
  "MeasureLabel": "TBD",
  "Period": "FY19",
  "Actual": 0,
  "Goal": "TBD",
  "Division": "Texas",
  "Reporting_Period": "",
  "Format": "Number",
  "Measure Order": 8
},
{
  "MeasureName": "Operating EBIDA",
  "MeasureLabel": "of Gross Revenue",
  "Period": "FY19",
  "Actual": 0,
  "Goal": "7.5",
  "Division": "Texas",
  "Reporting_Period": "",
  "Format": "Percent",
  "Measure Order": 9
}
]
}